{"cameraMode":{"drawMode":0,"name":"Shaded","section":"Shading Mode"},"sceneLighting":true,"audioPlay":false,"sceneViewState":{"m_AlwaysRefresh":false,"showFog":true,"showSkybox":true,"showFlares":true,"showImageEffects":true,"showParticleSystems":true,"showVisualEffectGraphs":true,"m_FxEnabled":true},"in2DMode":false,"pivot":{"x":10.355728149414063,"y":131.72605895996095,"z":449.76239013671877},"rotation":{"x":0.008381208404898644,"y":-0.9365946650505066,"z":0.34966346621513369,"w":0.022463472560048105},"size":231.47146606445313,"orthographic":false}